Appid,Name,Game price (ARS),Discount,Cheapest card price (USD),Cheapest card price (ARS),Number of cards in total,Obtainable cards,Steam commission (ARS),Value of the cards obtainable without the steam commission (ARS),Approximate minimum profit (ARS),Price multiplied by number of accounts (ARS),Date of purchase,Offer type,New highest discount?,Days since the offer started,Days for the offer to end,Steamcardexchange link,Steam store link,SI
1168660,Barro 2020,6.99,-50%,,,,,,,,,,,,,,https://www.steamcardexchange.net/index.php?gamepage-appid-1168660,https://store.steampowered.com/app/1168660/Barro_2020/,]
1070330,Russian Life Simulator,6.99,-50%,,,,,,,,,,,,,,https://www.steamcardexchange.net/index.php?gamepage-appid-1070330,https://store.steampowered.com/app/1070330/Russian_Life_Simulator/,]
490910,Control Craft 3,6.99,-50%,,,,,,,,,,,,,,https://www.steamcardexchange.net/index.php?gamepage-appid-490910,https://store.steampowered.com/app/490910/Control_Craft_3/,]
944220,Gachi Heroes,6.99,-50%,,,,,,,,,,,,,,https://www.steamcardexchange.net/index.php?gamepage-appid-944220,https://store.steampowered.com/app/944220/Gachi_Heroes/,]
615610,Orbt XL,6.99,-50%,,,,,,,,,,,,,,https://www.steamcardexchange.net/index.php?gamepage-appid-615610,https://store.steampowered.com/app/615610/Orbt_XL/,]
433950,Bit Blaster XL,6.99,-50%,,,,,,,,,,,,,,https://www.steamcardexchange.net/index.php?gamepage-appid-433950,https://store.steampowered.com/app/433950/Bit_Blaster_XL/,]
585830,Ninja Stealth 2,6.99,-50%,,,,,,,,,,,,,,https://www.steamcardexchange.net/index.php?gamepage-appid-585830,https://store.steampowered.com/app/585830/Ninja_Stealth_2/,]
862570,Ding Dong XL,6.99,-50%,,,,,,,,,,,,,,https://www.steamcardexchange.net/index.php?gamepage-appid-862570,https://store.steampowered.com/app/862570/Ding_Dong_XL/,]
715010,Diamo XL,6.99,-50%,,,,,,,,,,,,,,https://www.steamcardexchange.net/index.php?gamepage-appid-715010,https://store.steampowered.com/app/715010/Diamo_XL/,]
438480,Rock 'N' Roll Defense,6.99,-50%,,,,,,,,,,,,,,https://www.steamcardexchange.net/index.php?gamepage-appid-438480,https://store.steampowered.com/app/438480/Rock_N_Roll_Defense/,]
914690,Hentai Shooter 3D,6.99,-50%,,,,,,,,,,,,,,https://www.steamcardexchange.net/index.php?gamepage-appid-914690,https://store.steampowered.com/app/914690/Hentai_Shooter_3D/,]
597230,Shotgun Legend,6.99,-50%,,,,,,,,,,,,,,https://www.steamcardexchange.net/index.php?gamepage-appid-597230,https://store.steampowered.com/app/597230/Shotgun_Legend/,]
439930,Control Craft 2,6.99,-50%,,,,,,,,,,,,,,https://www.steamcardexchange.net/index.php?gamepage-appid-439930,https://store.steampowered.com/app/439930/Control_Craft_2/,]
630060,Consummate:Missing World ÂØáËééÊ¢ÖÁâπÔºöÂõ∞‰∏ñËø∑ÊÉÖ,6.99,-50%,,,,,,,,,,,,,,https://www.steamcardexchange.net/index.php?gamepage-appid-630060,https://store.steampowered.com/app/630060/ConsummateMissing_World/,]
476240,KNIGHTS,6.99,-50%,,,,,,,,,,,,,,https://www.steamcardexchange.net/index.php?gamepage-appid-476240,https://store.steampowered.com/app/476240/KNIGHTS/,]
636150,Cyberhunt,6.99,-50%,,,,,,,,,,,,,,https://www.steamcardexchange.net/index.php?gamepage-appid-636150,https://store.steampowered.com/app/636150/Cyberhunt/,]
634230,Project First Contact,6.99,-65%,,,,,,,,,,,,,,https://www.steamcardexchange.net/index.php?gamepage-appid-634230,https://store.steampowered.com/app/634230/Project_First_Contact/,]
585690,Minimalism,6.99,-50%,,,,,,,,,,,,,,https://www.steamcardexchange.net/index.php?gamepage-appid-585690,https://store.steampowered.com/app/585690/Minimalism/,]
508840,Broken Armor,6.99,-50%,,,,,,,,,,,,,,https://www.steamcardexchange.net/index.php?gamepage-appid-508840,https://store.steampowered.com/app/508840/Broken_Armor/,]
447850,The Next Door,6.99,-50%,,,,,,,,,,,,,,https://www.steamcardexchange.net/index.php?gamepage-appid-447850,https://store.steampowered.com/app/447850/The_Next_Door/,]
555710,Zolg,6.99,-50%,,,,,,,,,,,,,,https://www.steamcardexchange.net/index.php?gamepage-appid-555710,https://store.steampowered.com/app/555710/Zolg/,]
380550,Incandescent,6.99,-50%,,,,,,,,,,,,,,https://www.steamcardexchange.net/index.php?gamepage-appid-380550,https://store.steampowered.com/app/380550/Incandescent/,]
506670,ORBITAL,6.99,-50%,,,,,,,,,,,,,,https://www.steamcardexchange.net/index.php?gamepage-appid-506670,https://store.steampowered.com/app/506670/ORBITAL/,]
512160,Volleying,6.99,-50%,,,,,,,,,,,,,,https://www.steamcardexchange.net/index.php?gamepage-appid-512160,https://store.steampowered.com/app/512160/Volleying/,]
385830,Burgers,6.99,-50%,,,,,,,,,,,,,,https://www.steamcardexchange.net/index.php?gamepage-appid-385830,https://store.steampowered.com/app/385830/Burgers/,]
568720,The Agony,6.99,-50%,,,,,,,,,,,,,,https://www.steamcardexchange.net/index.php?gamepage-appid-568720,https://store.steampowered.com/app/568720/The_Agony/,]
604200,Night of Terror,6.99,-50%,,,,,,,,,,,,,,https://www.steamcardexchange.net/index.php?gamepage-appid-604200,https://store.steampowered.com/app/604200/Night_of_Terror/,]
492830,Throne Rushers,6.99,-50%,,,,,,,,,,,,,,https://www.steamcardexchange.net/index.php?gamepage-appid-492830,https://store.steampowered.com/app/492830/Throne_Rushers/,]
432170,Silver Knight,6.99,-50%,,,,,,,,,,,,,,https://www.steamcardexchange.net/index.php?gamepage-appid-432170,https://store.steampowered.com/app/432170/Silver_Knight/,]
363610,Botology,6.99,-50%,,,,,,,,,,,,,,https://www.steamcardexchange.net/index.php?gamepage-appid-363610,https://store.steampowered.com/app/363610/Botology/,]
595780,Rogue Port - Blue Nightmare,6.99,-50%,,,,,,,,,,,,,,https://www.steamcardexchange.net/index.php?gamepage-appid-595780,https://store.steampowered.com/app/595780/Rogue_Port__Blue_Nightmare/,]
439250,Space Pilgrim Episode III: Delta Pavonis,7.0,-50%,,,,,,,,,,,,,,https://www.steamcardexchange.net/index.php?gamepage-appid-439250,https://store.steampowered.com/app/439250/Space_Pilgrim_Episode_III_Delta_Pavonis/,]
446640,Space Pilgrim Episode IV: Sol,7.0,-50%,,,,,,,,,,,,,,https://www.steamcardexchange.net/index.php?gamepage-appid-446640,https://store.steampowered.com/app/446640/Space_Pilgrim_Episode_IV_Sol/,]
431710,Space Pilgrim Episode II: Epsilon Indi,7.0,-50%,,,,,,,,,,,,,,https://www.steamcardexchange.net/index.php?gamepage-appid-431710,https://store.steampowered.com/app/431710/Space_Pilgrim_Episode_II_Epsilon_Indi/,]
462960,Caveman World: Mountains of Unga Boonga,7.0,-50%,,,,,,,,,,,,,,https://www.steamcardexchange.net/index.php?gamepage-appid-462960,https://store.steampowered.com/app/462960/Caveman_World_Mountains_of_Unga_Boonga/,]
551110,Wayout,7.01,-46%,,,,,,,,,,,,,,https://www.steamcardexchange.net/index.php?gamepage-appid-551110,https://store.steampowered.com/app/551110/Wayout/,]
273500,Over 9000 Zombies!,7.01,-74%,,,,,,,,,,,,,,https://www.steamcardexchange.net/index.php?gamepage-appid-273500,https://store.steampowered.com/app/273500/Over_9000_Zombies/,]
357070,UBERMOSH,7.01,-46%,,,,,,,,,,,,,,https://www.steamcardexchange.net/index.php?gamepage-appid-357070,https://store.steampowered.com/app/357070/UBERMOSH/,]
585950,Wayout 2: Hex,7.01,-46%,,,,,,,,,,,,,,https://www.steamcardexchange.net/index.php?gamepage-appid-585950,https://store.steampowered.com/app/585950/Wayout_2_Hex/,]
420740,The Deed,7.01,-46%,,,,,,,,,,,,,,https://www.steamcardexchange.net/index.php?gamepage-appid-420740,https://store.steampowered.com/app/420740/The_Deed/,]
481870,Mini Thief,7.01,-73%,,,,,,,,,,,,,,https://www.steamcardexchange.net/index.php?gamepage-appid-481870,https://store.steampowered.com/app/481870/Mini_Thief/,]
754040,Piggy Poggy Pog,7.01,-74%,,,,,,,,,,,,,,https://www.steamcardexchange.net/index.php?gamepage-appid-754040,https://store.steampowered.com/app/754040/Piggy_Poggy_Pog/,]
577080,A Dump in the Dark,7.01,-74%,,,,,,,,,,,,,,https://www.steamcardexchange.net/index.php?gamepage-appid-577080,https://store.steampowered.com/app/577080/A_Dump_in_the_Dark/,]
506730,Dinosaur Forest,7.01,-74%,,,,,,,,,,,,,,https://www.steamcardexchange.net/index.php?gamepage-appid-506730,https://store.steampowered.com/app/506730/Dinosaur_Forest/,]
431860,Color Chemistry,7.01,-74%,,,,,,,,,,,,,,https://www.steamcardexchange.net/index.php?gamepage-appid-431860,https://store.steampowered.com/app/431860/Color_Chemistry/,]
933070,Cold Blooded Cube,7.01,-74%,,,,,,,,,,,,,,https://www.steamcardexchange.net/index.php?gamepage-appid-933070,https://store.steampowered.com/app/933070/Cold_Blooded_Cube/,]
449680,SAMOLIOTIK,7.02,-48%,,,,,,,,,,,,,,https://www.steamcardexchange.net/index.php?gamepage-appid-449680,https://store.steampowered.com/app/449680/SAMOLIOTIK/,]
587810,Bang Bang Fruit,7.03,-49%,,,,,,,,,,,,,,https://www.steamcardexchange.net/index.php?gamepage-appid-587810,https://store.steampowered.com/app/587810/Bang_Bang_Fruit/,]
546410,Grab the Bottle,7.19,-82%,,,,,,,,,,,,,,https://www.steamcardexchange.net/index.php?gamepage-appid-546410,https://store.steampowered.com/app/546410/Grab_the_Bottle/,]
635850,Sentience: The Android's Tale,7.2,-84%,,,,,,,,,,,,,,https://www.steamcardexchange.net/index.php?gamepage-appid-635850,https://store.steampowered.com/app/635850/Sentience_The_Androids_Tale/,]
527710,Crown Champion: Legends of the Arena,7.38,-82%,,,,,,,,,,,,,,https://www.steamcardexchange.net/index.php?gamepage-appid-527710,https://store.steampowered.com/app/527710/Crown_Champion_Legends_of_the_Arena/,]
Bundle/NoID,Inner Demons Pack - Face It + Soul Gambler,7.47,-89%,,,,,,,,,,,,,,https://www.steamcardexchange.net/index.php?gamepage-appid-73792,https://store.steampowered.com/sub/73792/,]
281750,Munin,7.47,-89%,,,,,,,,,,,,,,https://www.steamcardexchange.net/index.php?gamepage-appid-281750,https://store.steampowered.com/app/281750/Munin/,]
313020,Soul Gambler,7.47,-89%,,,,,,,,,,,,,,https://www.steamcardexchange.net/index.php?gamepage-appid-313020,https://store.steampowered.com/app/313020/Soul_Gambler/,]
265330,Gomo,7.47,-89%,,,,,,,,,,,,,,https://www.steamcardexchange.net/index.php?gamepage-appid-265330,https://store.steampowered.com/app/265330/Gomo/,]
340830,Razenroth,7.47,-89%,,,,,,,,,,,,,,https://www.steamcardexchange.net/index.php?gamepage-appid-340830,https://store.steampowered.com/app/340830/Razenroth/,]
523150,Mahjong World Contest (È∫ªÂ∞Ü),7.47,-89%,,,,,,,,,,,,,,https://www.steamcardexchange.net/index.php?gamepage-appid-523150,https://store.steampowered.com/app/523150/Mahjong_World_Contest/,]
407300,The Last NightMary - A Lenda do Cabe√ßa de Cuia,7.47,-89%,,,,,,,,,,,,,,https://www.steamcardexchange.net/index.php?gamepage-appid-407300,https://store.steampowered.com/app/407300/The_Last_NightMary__A_Lenda_do_Cabea_de_Cuia/,]
Bundle/NoID,UBERMOSH + Original Soundtrack,7.47,-89%,,,,,,,,,,,,,,https://www.steamcardexchange.net/index.php?gamepage-appid-66335,https://store.steampowered.com/sub/66335/,]
523160,Alice's Patchworks 2,7.47,-89%,,,,,,,,,,,,,,https://www.steamcardexchange.net/index.php?gamepage-appid-523160,https://store.steampowered.com/app/523160/Alices_Patchworks_2/,]
18300,Spectraball,7.47,-89%,,,,,,,,,,,,,,https://www.steamcardexchange.net/index.php?gamepage-appid-18300,https://store.steampowered.com/app/18300/Spectraball/,]
349500,Cubicle Quest,7.47,-89%,,,,,,,,,,,,,,https://www.steamcardexchange.net/index.php?gamepage-appid-349500,https://store.steampowered.com/app/349500/Cubicle_Quest/,]
315920,Stonerid,7.47,-89%,,,,,,,,,,,,,,https://www.steamcardexchange.net/index.php?gamepage-appid-315920,https://store.steampowered.com/app/315920/Stonerid/,]
402220,Lift It,7.47,-89%,,,,,,,,,,,,,,https://www.steamcardexchange.net/index.php?gamepage-appid-402220,https://store.steampowered.com/app/402220/Lift_It/,]
506760,Twisty's Asylum Escapades,7.47,-89%,,,,,,,,,,,,,,https://www.steamcardexchange.net/index.php?gamepage-appid-506760,https://store.steampowered.com/app/506760/Twistys_Asylum_Escapades/,]
222160,"Hamlet or the Last Game without MMORPG Features, Shaders ...",7.47,-89%,,,,,,,,,,,,,,https://www.steamcardexchange.net/index.php?gamepage-appid-222160,https://store.steampowered.com/app/222160/Hamlet_or_the_Last_Game_without_MMORPG_Features_Shaders/,]
577740,Winexy,7.47,-89%,,,,,,,,,,,,,,https://www.steamcardexchange.net/index.php?gamepage-appid-577740,https://store.steampowered.com/app/577740/Winexy/,]
364050,Face It - A game to fight inner demons,7.47,-89%,,,,,,,,,,,,,,https://www.steamcardexchange.net/index.php?gamepage-appid-364050,https://store.steampowered.com/app/364050/Face_It__A_game_to_fight_inner_demons/,]
280640,Dark Shadows - Army of Evil,7.47,-89%,,,,,,,,,,,,,,https://www.steamcardexchange.net/index.php?gamepage-appid-280640,https://store.steampowered.com/app/280640/Dark_Shadows__Army_of_Evil/,]
462110,3 Coins At School,7.47,-89%,,,,,,,,,,,,,,https://www.steamcardexchange.net/index.php?gamepage-appid-462110,https://store.steampowered.com/app/462110/3_Coins_At_School/,]
614950,Shootout on Cash Island,8.09,-70%,,,,,,,,,,,,,,https://www.steamcardexchange.net/index.php?gamepage-appid-614950,https://store.steampowered.com/app/614950/Shootout_on_Cash_Island/,]
512250,Oh...Sir!! The Insult Simulator,8.36,-69%,,,,,,,,,,,,,,https://www.steamcardexchange.net/index.php?gamepage-appid-512250,https://store.steampowered.com/app/512250/OhSir_The_Insult_Simulator/,]
392280,The Franz Kafka Videogame,9.49,-90%,,,,,,,,,,,,,,https://www.steamcardexchange.net/index.php?gamepage-appid-392280,https://store.steampowered.com/app/392280/The_Franz_Kafka_Videogame/,]
286360,Shadows on the Vatican Act I: Greed,9.49,-90%,,,,,,,,,,,,,,https://www.steamcardexchange.net/index.php?gamepage-appid-286360,https://store.steampowered.com/app/286360/Shadows_on_the_Vatican_Act_I_Greed/,]
529900,Polygon Attack,9.79,-30%,,,,,,,,,,,,,,https://www.steamcardexchange.net/index.php?gamepage-appid-529900,https://store.steampowered.com/app/529900/Polygon_Attack/,]
546340,"Dynamic Very, Very, Hard game!!",10.45,-87%,,,,,,,,,,,,,,https://www.steamcardexchange.net/index.php?gamepage-appid-546340,https://store.steampowered.com/app/546340/Dynamic_Very_Very_Hard_game/,]
296730,Viktor,10.49,-90%,,,,,,,,,,,,,,https://www.steamcardexchange.net/index.php?gamepage-appid-296730,https://store.steampowered.com/app/296730/Viktor/,]
575330,Oh...Sir! The Hollywood Roast,10.79,-80%,,,,,,,,,,,,,,https://www.steamcardexchange.net/index.php?gamepage-appid-575330,https://store.steampowered.com/app/575330/OhSir_The_Hollywood_Roast/,]
460960,The Deed: Dynasty,10.99,-50%,,,,,,,,,,,,,,https://www.steamcardexchange.net/index.php?gamepage-appid-460960,https://store.steampowered.com/app/460960/The_Deed_Dynasty/,]
602070,Plasma Puncher,11.84,-85%,,,,,,,,,,,,,,https://www.steamcardexchange.net/index.php?gamepage-appid-602070,https://store.steampowered.com/app/602070/Plasma_Puncher/,]
306350,Slipstream 5000,11.99,-70%,,,,,,,,,,,,,,https://www.steamcardexchange.net/index.php?gamepage-appid-306350,https://store.steampowered.com/app/306350/Slipstream_5000/,]
578850,64.0,12.5,-50%,,,,,,,,,,,,,,https://www.steamcardexchange.net/index.php?gamepage-appid-578850,https://store.steampowered.com/app/578850/640/,]
249650,Blackguards,12.99,-90%,,,,,,,,,,,,,,https://www.steamcardexchange.net/index.php?gamepage-appid-249650,https://store.steampowered.com/app/249650/Blackguards/,]
218640,Lucius,12.99,-90%,,,,,,,,,,,,,,https://www.steamcardexchange.net/index.php?gamepage-appid-218640,https://store.steampowered.com/app/218640/Lucius/,]
214340,Deponia,12.99,-90%,,,,,,,,,,,,,,https://www.steamcardexchange.net/index.php?gamepage-appid-214340,https://store.steampowered.com/app/214340/Deponia/,]
298520,Orbital Gear,12.99,-90%,,,,,,,,,,,,,,https://www.steamcardexchange.net/index.php?gamepage-appid-298520,https://store.steampowered.com/app/298520/Orbital_Gear/,]
343560,Bob Was Hungry,12.99,-90%,,,,,,,,,,,,,,https://www.steamcardexchange.net/index.php?gamepage-appid-343560,https://store.steampowered.com/app/343560/Bob_Was_Hungry/,]
340500,The Warriorlock,12.99,-90%,,,,,,,,,,,,,,https://www.steamcardexchange.net/index.php?gamepage-appid-340500,https://store.steampowered.com/app/340500/The_Warriorlock/,]
410120,AGON - The Mysterious Codex (Trilogy),12.99,-90%,,,,,,,,,,,,,,https://www.steamcardexchange.net/index.php?gamepage-appid-410120,https://store.steampowered.com/app/410120/AGON__The_Mysterious_Codex_Trilogy/,]
322970,Subject 13,12.99,-90%,,,,,,,,,,,,,,https://www.steamcardexchange.net/index.php?gamepage-appid-322970,https://store.steampowered.com/app/322970/Subject_13/,]
410130,AGON - The Lost Sword of Toledo,12.99,-90%,,,,,,,,,,,,,,https://www.steamcardexchange.net/index.php?gamepage-appid-410130,https://store.steampowered.com/app/410130/AGON__The_Lost_Sword_of_Toledo/,]
1012630,Epido,13.49,-50%,,,,,,,,,,,,,,https://www.steamcardexchange.net/index.php?gamepage-appid-1012630,https://store.steampowered.com/app/1012630/Epido/,]
434730,Half Dead,13.49,-50%,,,,,,,,,,,,,,https://www.steamcardexchange.net/index.php?gamepage-appid-434730,https://store.steampowered.com/app/434730/Half_Dead/,]
1101270,Anime Artist,13.49,-50%,,,,,,,,,,,,,,https://www.steamcardexchange.net/index.php?gamepage-appid-1101270,https://store.steampowered.com/app/1101270/Anime_Artist/,]
287860,8-Bit Commando,13.49,-75%,,,,,,,,,,,,,,https://www.steamcardexchange.net/index.php?gamepage-appid-287860,https://store.steampowered.com/app/287860/8Bit_Commando/,]
436140,Empire of the Gods,13.49,-50%,,,,,,,,,,,,,,https://www.steamcardexchange.net/index.php?gamepage-appid-436140,https://store.steampowered.com/app/436140/Empire_of_the_Gods/,]
542430,Remaining in a dream,13.49,-50%,,,,,,,,,,,,,,https://www.steamcardexchange.net/index.php?gamepage-appid-542430,https://store.steampowered.com/app/542430/Remaining_in_a_dream/,]
107600,Waves,13.59,-80%,,,,,,,,,,,,,,https://www.steamcardexchange.net/index.php?gamepage-appid-107600,https://store.steampowered.com/app/107600/Waves/,]
461760,Reptilian Rebellion,13.59,-66%,,,,,,,,,,,,,,https://www.steamcardexchange.net/index.php?gamepage-appid-461760,https://store.steampowered.com/app/461760/Reptilian_Rebellion/,]
508730,Painted Legend,13.59,-80%,,,,,,,,,,,,,,https://www.steamcardexchange.net/index.php?gamepage-appid-508730,https://store.steampowered.com/app/508730/Painted_Legend/,]
625340,XERA: Survival,14.75,-75%,,,,,,,,,,,,,,https://www.steamcardexchange.net/index.php?gamepage-appid-625340,https://store.steampowered.com/app/625340/XERA_Survival/,]
298850,Millennium 5 - The Battle of the Millennium,14.99,-90%,,,,,,,,,,,,,,https://www.steamcardexchange.net/index.php?gamepage-appid-298850,https://store.steampowered.com/app/298850/Millennium_5__The_Battle_of_the_Millennium/,]
561770,Just Ignore Them,14.99,-50%,,,,,,,,,,,,,,https://www.steamcardexchange.net/index.php?gamepage-appid-561770,https://store.steampowered.com/app/561770/Just_Ignore_Them/,]
416680,Zombie Night Terror,15.99,-90%,,,,,,,,,,,,,,https://www.steamcardexchange.net/index.php?gamepage-appid-416680,https://store.steampowered.com/app/416680/Zombie_Night_Terror/,]
517330,Stellar Interface,15.99,-90%,,,,,,,,,,,,,,https://www.steamcardexchange.net/index.php?gamepage-appid-517330,https://store.steampowered.com/app/517330/Stellar_Interface/,]
514240,ALONE?,15.99,-60%,,,,,,,,,,,,,,https://www.steamcardexchange.net/index.php?gamepage-appid-514240,https://store.steampowered.com/app/514240/ALONE/,]
450030,Worst Case Z,15.99,-90%,,,,,,,,,,,,,,https://www.steamcardexchange.net/index.php?gamepage-appid-450030,https://store.steampowered.com/app/450030/Worst_Case_Z/,]
915460,ULTIMATE HARDBASS DEFENCE,16.19,-40%,,,,,,,,,,,,,,https://www.steamcardexchange.net/index.php?gamepage-appid-915460,https://store.steampowered.com/app/915460/ULTIMATE_HARDBASS_DEFENCE/,]
566190,The Search,16.19,-70%,,,,,,,,,,,,,,https://www.steamcardexchange.net/index.php?gamepage-appid-566190,https://store.steampowered.com/app/566190/The_Search/,]
414260,Ironclads 2: American Civil War,16.24,-90%,,,,,,,,,,,,,,https://www.steamcardexchange.net/index.php?gamepage-appid-414260,https://store.steampowered.com/app/414260/Ironclads_2_American_Civil_War/,]
415670,Highrise Heroes: Word Challenge,16.99,-75%,,,,,,,,,,,,,,https://www.steamcardexchange.net/index.php?gamepage-appid-415670,https://store.steampowered.com/app/415670/Highrise_Heroes_Word_Challenge/,]
238890,Skyward Collapse,16.99,-75%,,,,,,,,,,,,,,https://www.steamcardexchange.net/index.php?gamepage-appid-238890,https://store.steampowered.com/app/238890/Skyward_Collapse/,]
432180,Discouraged Workers TEEN,16.99,-75%,,,,,,,,,,,,,,https://www.steamcardexchange.net/index.php?gamepage-appid-432180,https://store.steampowered.com/app/432180/Discouraged_Workers_TEEN/,]
371000,Cave Coaster,16.99,-80%,,,,,,,,,,,,,,https://www.steamcardexchange.net/index.php?gamepage-appid-371000,https://store.steampowered.com/app/371000/Cave_Coaster/,]
398590,Deffactor,17.54,-35%,,,,,,,,,,,,,,https://www.steamcardexchange.net/index.php?gamepage-appid-398590,https://store.steampowered.com/app/398590/Deffactor/,]
523650,Lust for Darkness,17.99,-90%,,,,,,,,,,,,,,https://www.steamcardexchange.net/index.php?gamepage-appid-523650,https://store.steampowered.com/app/523650/Lust_for_Darkness/,]
465280,Yesterday Origins,17.99,-90%,,,,,,,,,,,,,,https://www.steamcardexchange.net/index.php?gamepage-appid-465280,https://store.steampowered.com/app/465280/Yesterday_Origins/,]
319450,Chariot,17.99,-90%,,,,,,,,,,,,,,https://www.steamcardexchange.net/index.php?gamepage-appid-319450,https://store.steampowered.com/app/319450/Chariot/,]
351910,Valhalla Hills,17.99,-90%,,,,,,,,,,,,,,https://www.steamcardexchange.net/index.php?gamepage-appid-351910,https://store.steampowered.com/app/351910/Valhalla_Hills/,]
417430,Moto Racer  4,17.99,-90%,,,,,,,,,,,,,,https://www.steamcardexchange.net/index.php?gamepage-appid-417430,https://store.steampowered.com/app/417430/Moto_Racer__4/,]
311720,Sproggiwood,17.99,-90%,,,,,,,,,,,,,,https://www.steamcardexchange.net/index.php?gamepage-appid-311720,https://store.steampowered.com/app/311720/Sproggiwood/,]
351940,The Descendant,Without offer/error,-90%,,,,,,,Cannot be calculated,-,,,,,,https://www.steamcardexchange.net/index.php?gamepage-appid-351940,https://store.steampowered.com/app/351940/The_Descendant/,]
314830,Blackguards 2,17.99,-90%,,,,,,,,,,,,,,https://www.steamcardexchange.net/index.php?gamepage-appid-314830,https://store.steampowered.com/app/314830/Blackguards_2/,]
530930,Soulblight,17.99,-90%,,,,,,,,,,,,,,https://www.steamcardexchange.net/index.php?gamepage-appid-530930,https://store.steampowered.com/app/530930/Soulblight/,]
868980,DEEP SPACE WAIFU: NEKOMIMI,18.89,-30%,,,,,,,,,,,,,,https://www.steamcardexchange.net/index.php?gamepage-appid-868980,https://store.steampowered.com/app/868980/DEEP_SPACE_WAIFU_NEKOMIMI/,]
608630,PIXEL ZUMBI,18.89,-30%,,,,,,,,,,,,,,https://www.steamcardexchange.net/index.php?gamepage-appid-608630,https://store.steampowered.com/app/608630/PIXEL_ZUMBI/,]
378630,Shadows on the Vatican Act II: Wrath,18.99,-80%,,,,,,,,,,,,,,https://www.steamcardexchange.net/index.php?gamepage-appid-378630,https://store.steampowered.com/app/378630/Shadows_on_the_Vatican_Act_II_Wrath/,]
319270,Great Permutator,18.99,-80%,,,,,,,,,,,,,,https://www.steamcardexchange.net/index.php?gamepage-appid-319270,https://store.steampowered.com/app/319270/Great_Permutator/,]
376520,Kelvin and the Infamous Machine,19.49,-85%,,,,,,,,,,,,,,https://www.steamcardexchange.net/index.php?gamepage-appid-376520,https://store.steampowered.com/app/376520/Kelvin_and_the_Infamous_Machine/,]
659190,"Sorry, James",19.5,-50%,,,,,,,,,,,,,,https://www.steamcardexchange.net/index.php?gamepage-appid-659190,https://store.steampowered.com/app/659190/Sorry_James/,]
736860,Hidden Object Adventure: Around the World in 80 Days,19.99,-50%,,,,,,,,,,,,,,https://www.steamcardexchange.net/index.php?gamepage-appid-736860,https://store.steampowered.com/app/736860/Hidden_Object_Adventure_Around_the_World_in_80_Days/,]
553450,The Purge Day,19.99,-50%,,,,,,,,,,,,,,https://www.steamcardexchange.net/index.php?gamepage-appid-553450,https://store.steampowered.com/app/553450/The_Purge_Day/,]
270810,Jones On Fire,19.99,-50%,,,,,,,,,,,,,,https://www.steamcardexchange.net/index.php?gamepage-appid-270810,https://store.steampowered.com/app/270810/Jones_On_Fire/,]
386420,Job the Leprechaun,19.99,-50%,,,,,,,,,,,,,,https://www.steamcardexchange.net/index.php?gamepage-appid-386420,https://store.steampowered.com/app/386420/Job_the_Leprechaun/,]
436390,Prison Run and Gun,20.39,-70%,,,,,,,,,,,,,,https://www.steamcardexchange.net/index.php?gamepage-appid-436390,https://store.steampowered.com/app/436390/Prison_Run_and_Gun/,]
427820,Hitman GO: Definitive Edition,20.99,-80%,,,,,,,,,,,,,,https://www.steamcardexchange.net/index.php?gamepage-appid-427820,https://store.steampowered.com/app/427820/Hitman_GO_Definitive_Edition/,]
284100,Unclaimed World,21.49,-90%,,,,,,,,,,,,,,https://www.steamcardexchange.net/index.php?gamepage-appid-284100,https://store.steampowered.com/app/284100/Unclaimed_World/,]
341120,Glorkian Warrior: The Trials Of Glork,21.59,-60%,,,,,,,,,,,,,,https://www.steamcardexchange.net/index.php?gamepage-appid-341120,https://store.steampowered.com/app/341120/Glorkian_Warrior_The_Trials_Of_Glork/,]
328500,Potatoman Seeks the Troof,21.59,-60%,,,,,,,,,,,,,,https://www.steamcardexchange.net/index.php?gamepage-appid-328500,https://store.steampowered.com/app/328500/Potatoman_Seeks_the_Troof/,]
488210,JDM Tuner Racing,21.59,-46%,,,,,,,,,,,,,,https://www.steamcardexchange.net/index.php?gamepage-appid-488210,https://store.steampowered.com/app/488210/JDM_Tuner_Racing/,]
399270,Quick Slick Deadly,21.99,-45%,,,,,,,,,,,,,,https://www.steamcardexchange.net/index.php?gamepage-appid-399270,https://store.steampowered.com/app/399270/Quick_Slick_Deadly/,]
219910,Edna & Harvey: Harvey's New Eyes,22.49,-90%,,,,,,,,,,,,,,https://www.steamcardexchange.net/index.php?gamepage-appid-219910,https://store.steampowered.com/app/219910/Edna__Harvey_Harveys_New_Eyes/,]
243200,Memoria,22.49,-90%,,,,,,,,,,,,,,https://www.steamcardexchange.net/index.php?gamepage-appid-243200,https://store.steampowered.com/app/243200/Memoria/,]
203830,The Dark Eye: Chains of Satinav,22.49,-90%,,,,,,,,,,,,,,https://www.steamcardexchange.net/index.php?gamepage-appid-203830,https://store.steampowered.com/app/203830/The_Dark_Eye_Chains_of_Satinav/,]
Bundle/NoID,Valhalla Hills: Two-Horned Helmet Edition,22.49,-90%,,,,,,,,,,,,,,https://www.steamcardexchange.net/index.php?gamepage-appid-75645,https://store.steampowered.com/sub/75645/,]
449300,Planar Conquest,22.49,-90%,,,,,,,,,,,,,,https://www.steamcardexchange.net/index.php?gamepage-appid-449300,https://store.steampowered.com/app/449300/Planar_Conquest/,]
661970,SPACE BATTLE: Humanity,22.94,-15%,,,,,,,,,,,,,,https://www.steamcardexchange.net/index.php?gamepage-appid-661970,https://store.steampowered.com/app/661970/SPACE_BATTLE_Humanity/,]
402210,Airport Madness: Time Machine,23.74,-75%,,,,,,,,,,,,,,https://www.steamcardexchange.net/index.php?gamepage-appid-402210,https://store.steampowered.com/app/402210/Airport_Madness_Time_Machine/,]
386140,After The End: The Harvest,23.79,-65%,,,,,,,,,,,,,,https://www.steamcardexchange.net/index.php?gamepage-appid-386140,https://store.steampowered.com/app/386140/After_The_End_The_Harvest/,]
310080,Hatoful Boyfriend,25.99,-80%,,,,,,,,,,,,,,https://www.steamcardexchange.net/index.php?gamepage-appid-310080,https://store.steampowered.com/app/310080/Hatoful_Boyfriend/,]
377080,Hatoful Boyfriend: Holiday Star,25.99,-80%,,,,,,,,,,,,,,https://www.steamcardexchange.net/index.php?gamepage-appid-377080,https://store.steampowered.com/app/377080/Hatoful_Boyfriend_Holiday_Star/,]
431650,Phoning Home,25.99,-80%,,,,,,,,,,,,,,https://www.steamcardexchange.net/index.php?gamepage-appid-431650,https://store.steampowered.com/app/431650/Phoning_Home/,]
441870,OutDrive,25.99,-35%,,,,,,,,,,,,,,https://www.steamcardexchange.net/index.php?gamepage-appid-441870,https://store.steampowered.com/app/441870/OutDrive/,]
258180,Deus Ex: The Fall,25.99,-80%,,,,,,,,,,,,,,https://www.steamcardexchange.net/index.php?gamepage-appid-258180,https://store.steampowered.com/app/258180/Deus_Ex_The_Fall/,]
616750,1943 Deadly Desert,25.99,-80%,,,,,,,,,,,,,,https://www.steamcardexchange.net/index.php?gamepage-appid-616750,https://store.steampowered.com/app/616750/1943_Deadly_Desert/,]
429220,FullBlast,26.06,-67%,,,,,,,,,,,,,,https://www.steamcardexchange.net/index.php?gamepage-appid-429220,https://store.steampowered.com/app/429220/FullBlast/,]
310060,Knights of Pen and Paper 2,26.24,-75%,,,,,,,,,,,,,,https://www.steamcardexchange.net/index.php?gamepage-appid-310060,https://store.steampowered.com/app/310060/Knights_of_Pen_and_Paper_2/,]
588710,Neighboring Islands,26.79,-33%,,,,,,,,,,,,,,https://www.steamcardexchange.net/index.php?gamepage-appid-588710,https://store.steampowered.com/app/588710/Neighboring_Islands/,]
547710,Darkness Ahead,26.79,-33%,,,,,,,,,,,,,,https://www.steamcardexchange.net/index.php?gamepage-appid-547710,https://store.steampowered.com/app/547710/Darkness_Ahead/,]
881690,The Slater,26.99,-85%,,,,,,,,,,,,,,https://www.steamcardexchange.net/index.php?gamepage-appid-881690,https://store.steampowered.com/app/881690/The_Slater/,]
262150,Vanguard Princess,27.19,-60%,,,,,,,,,,,,,,https://www.steamcardexchange.net/index.php?gamepage-appid-262150,https://store.steampowered.com/app/262150/Vanguard_Princess/,]
616520,Cheap Golf,27.19,-60%,,,,,,,,,,,,,,https://www.steamcardexchange.net/index.php?gamepage-appid-616520,https://store.steampowered.com/app/616520/Cheap_Golf/,]
979330,Hikari! Clover Rescue,27.19,-60%,,,,,,,,,,,,,,https://www.steamcardexchange.net/index.php?gamepage-appid-979330,https://store.steampowered.com/app/979330/Hikari_Clover_Rescue/,]
406090,Lost Moon,27.53,-49%,,,,,,,,,,,,,,https://www.steamcardexchange.net/index.php?gamepage-appid-406090,https://store.steampowered.com/app/406090/Lost_Moon/,]
537200,Defense Of Greece TD,27.64,-65%,,,,,,,,,,,,,,https://www.steamcardexchange.net/index.php?gamepage-appid-537200,https://store.steampowered.com/app/537200/Defense_Of_Greece_TD/,]
371520,Bounty Train,27.99,-90%,,,,,,,,,,,,,,https://www.steamcardexchange.net/index.php?gamepage-appid-371520,https://store.steampowered.com/app/371520/Bounty_Train/,]
727340,Stitched,28.49,-70%,,,,,,,,,,,,,,https://www.steamcardexchange.net/index.php?gamepage-appid-727340,https://store.steampowered.com/app/727340/Stitched/,]
513480,Geo,28.74,-75%,,,,,,,,,,,,,,https://www.steamcardexchange.net/index.php?gamepage-appid-513480,https://store.steampowered.com/app/513480/Geo/,]
629230,The StoryTale,29.62,-76%,,,,,,,,,,,,,,https://www.steamcardexchange.net/index.php?gamepage-appid-629230,https://store.steampowered.com/app/629230/The_StoryTale/,]
748300,Treasure Hunter Simulator,29.99,-85%,,,,,,,,,,,,,,https://www.steamcardexchange.net/index.php?gamepage-appid-748300,https://store.steampowered.com/app/748300/Treasure_Hunter_Simulator/,]
570780,Âè§ÂâëÂ•áË∞≠(GuJian),29.99,-80%,,,,,,,,,,,,,,https://www.steamcardexchange.net/index.php?gamepage-appid-570780,https://store.steampowered.com/app/570780/GuJian/,]
355920,Pixel Puzzles 2: Space,30.59,-55%,,,,,,,,,,,,,,https://www.steamcardexchange.net/index.php?gamepage-appid-355920,https://store.steampowered.com/app/355920/Pixel_Puzzles_2_Space/,]
612740,Bokida - Heartfelt Reunion,31.49,-85%,,,,,,,,,,,,,,https://www.steamcardexchange.net/index.php?gamepage-appid-612740,https://store.steampowered.com/app/612740/Bokida__Heartfelt_Reunion/,]
691630,STELLATUM,31.49,-70%,,,,,,,,,,,,,,https://www.steamcardexchange.net/index.php?gamepage-appid-691630,https://store.steampowered.com/app/691630/STELLATUM/,]
248330,Dino Run DX,31.59,-60%,,,,,,,,,,,,,,https://www.steamcardexchange.net/index.php?gamepage-appid-248330,https://store.steampowered.com/app/248330/Dino_Run_DX/,]
1377360,Vampires' Melody,32.39,-40%,,,,,,,,,,,,,,https://www.steamcardexchange.net/index.php?gamepage-appid-1377360,https://store.steampowered.com/app/1377360/Vampires_Melody/,]
977230,Mars Power Industries Deluxe,32.39,-40%,,,,,,,,,,,,,,https://www.steamcardexchange.net/index.php?gamepage-appid-977230,https://store.steampowered.com/app/977230/Mars_Power_Industries_Deluxe/,]
527700,Containment Initiative,32.49,-75%,,,,,,,,,,,,,,https://www.steamcardexchange.net/index.php?gamepage-appid-527700,https://store.steampowered.com/app/527700/Containment_Initiative/,]
231740,Knights of Pen and Paper +1 Edition,32.49,-75%,,,,,,,,,,,,,,https://www.steamcardexchange.net/index.php?gamepage-appid-231740,https://store.steampowered.com/app/231740/Knights_of_Pen_and_Paper_1_Edition/,]
540840,Lara Croft GO,32.49,-75%,,,,,,,,,,,,,,https://www.steamcardexchange.net/index.php?gamepage-appid-540840,https://store.steampowered.com/app/540840/Lara_Croft_GO/,]
959520,Fantasy Blacksmith,32.49,-75%,,,,,,,,,,,,,,https://www.steamcardexchange.net/index.php?gamepage-appid-959520,https://store.steampowered.com/app/959520/Fantasy_Blacksmith/,]
40400,AI War: Fleet Command,32.49,-75%,,,,,,,,,,,,,,https://www.steamcardexchange.net/index.php?gamepage-appid-40400,https://store.steampowered.com/app/40400/AI_War_Fleet_Command/,]
420950,Time Tenshi (2015),32.49,-75%,,,,,,,,,,,,,,https://www.steamcardexchange.net/index.php?gamepage-appid-420950,https://store.steampowered.com/app/420950/Time_Tenshi_2015/,]
238910,Bionic Dues,32.49,-75%,,,,,,,,,,,,,,https://www.steamcardexchange.net/index.php?gamepage-appid-238910,https://store.steampowered.com/app/238910/Bionic_Dues/,]
387850,Airport Madness 4,32.49,-75%,,,,,,,,,,,,,,https://www.steamcardexchange.net/index.php?gamepage-appid-387850,https://store.steampowered.com/app/387850/Airport_Madness_4/,]
337730,Battletank LOBA,32.49,-80%,,,,,,,,,,,,,,https://www.steamcardexchange.net/index.php?gamepage-appid-337730,https://store.steampowered.com/app/337730/Battletank_LOBA/,]
233290,Murdered: Soul Suspect,32.99,-90%,,,,,,,,,,,,,,https://www.steamcardexchange.net/index.php?gamepage-appid-233290,https://store.steampowered.com/app/233290/Murdered_Soul_Suspect/,]
646330,Darkness and Flame: Missing Memories,33.24,-65%,,,,,,,,,,,,,,https://www.steamcardexchange.net/index.php?gamepage-appid-646330,https://store.steampowered.com/app/646330/Darkness_and_Flame_Missing_Memories/,]
238010,Deus Ex: Human Revolution - Director's Cut,33.74,-85%,,,,,,,,,,,,,,https://www.steamcardexchange.net/index.php?gamepage-appid-238010,https://store.steampowered.com/app/238010/Deus_Ex_Human_Revolution__Directors_Cut/,]
202170,Sleeping Dogs,Without offer/error,,,,,,,,Cannot be calculated,-,,,,,,https://www.steamcardexchange.net/index.php?gamepage-appid-202170,https://store.steampowered.com/app/202170/Sleeping_Dogs/,]
514620,Ellipsis,34.99,-50%,,,,,,,,,,,,,,https://www.steamcardexchange.net/index.php?gamepage-appid-514620,https://store.steampowered.com/app/514620/Ellipsis/,]
495680,Overdriven Reloaded,35.69,-66%,,,,,,,,,,,,,,https://www.steamcardexchange.net/index.php?gamepage-appid-495680,https://store.steampowered.com/app/495680/Overdriven_Reloaded/,]
405900,Disgaea PC,35.99,-80%,,,,,,,,,,,,,,https://www.steamcardexchange.net/index.php?gamepage-appid-405900,https://store.steampowered.com/app/405900/Disgaea_PC/,]
374900,Agatha Christie - The ABC Murders,35.99,-80%,,,,,,,,,,,,,,https://www.steamcardexchange.net/index.php?gamepage-appid-374900,https://store.steampowered.com/app/374900/Agatha_Christie__The_ABC_Murders/,]
575820,I Hate Running Backwards,35.99,-80%,,,,,,,,,,,,,,https://www.steamcardexchange.net/index.php?gamepage-appid-575820,https://store.steampowered.com/app/575820/I_Hate_Running_Backwards/,]
317370,The Keep,35.99,-80%,,,,,,,,,,,,,,https://www.steamcardexchange.net/index.php?gamepage-appid-317370,https://store.steampowered.com/app/317370/The_Keep/,]
490080,Lock's Quest,35.99,-80%,,,,,,,,,,,,,,https://www.steamcardexchange.net/index.php?gamepage-appid-490080,https://store.steampowered.com/app/490080/Locks_Quest/,]
537700,Octave,35.99,-10%,,,,,,,,,,,,,,https://www.steamcardexchange.net/index.php?gamepage-appid-537700,https://store.steampowered.com/app/537700/Octave/,]
560600,PlanTechtor,35.99,-80%,,,,,,,,,,,,,,https://www.steamcardexchange.net/index.php?gamepage-appid-560600,https://store.steampowered.com/app/560600/PlanTechtor/,]
238870,Citadels,35.99,-80%,,,,,,,,,,,,,,https://www.steamcardexchange.net/index.php?gamepage-appid-238870,https://store.steampowered.com/app/238870/Citadels/,]
410820,Starward Rogue,37.49,-75%,,,,,,,,,,,,,,https://www.steamcardexchange.net/index.php?gamepage-appid-410820,https://store.steampowered.com/app/410820/Starward_Rogue/,]
570770,Âè§ÂâëÂ•áË∞≠‰∫å(GuJian2),37.99,-80%,,,,,,,,,,,,,,https://www.steamcardexchange.net/index.php?gamepage-appid-570770,https://store.steampowered.com/app/570770/GuJian2/,]
463980,Solitairica,38.99,-70%,,,,,,,,,,,,,,https://www.steamcardexchange.net/index.php?gamepage-appid-463980,https://store.steampowered.com/app/463980/Solitairica/,]
458470,Grim Legends 3: The Dark City,38.99,-70%,,,,,,,,,,,,,,https://www.steamcardexchange.net/index.php?gamepage-appid-458470,https://store.steampowered.com/app/458470/Grim_Legends_3_The_Dark_City/,]
599560,Ghost Files: The Face of Guilt,38.99,-70%,,,,,,,,,,,,,,https://www.steamcardexchange.net/index.php?gamepage-appid-599560,https://store.steampowered.com/app/599560/Ghost_Files_The_Face_of_Guilt/,]
504000,Endless Fables: The Minotaur's Curse,38.99,-70%,,,,,,,,,,,,,,https://www.steamcardexchange.net/index.php?gamepage-appid-504000,https://store.steampowered.com/app/504000/Endless_Fables_The_Minotaurs_Curse/,]
574260,The Secret Order 5: The Buried Kingdom,38.99,-70%,,,,,,,,,,,,,,https://www.steamcardexchange.net/index.php?gamepage-appid-574260,https://store.steampowered.com/app/574260/The_Secret_Order_5_The_Buried_Kingdom/,]
527420,Demon Hunter 3: Revelation,38.99,-70%,,,,,,,,,,,,,,https://www.steamcardexchange.net/index.php?gamepage-appid-527420,https://store.steampowered.com/app/527420/Demon_Hunter_3_Revelation/,]
363330,Mind Snares: Alice's Journey,38.99,-70%,,,,,,,,,,,,,,https://www.steamcardexchange.net/index.php?gamepage-appid-363330,https://store.steampowered.com/app/363330/Mind_Snares_Alices_Journey/,]
574270,Lost Grimoires 2: Shard of Mystery,38.99,-70%,,,,,,,,,,,,,,https://www.steamcardexchange.net/index.php?gamepage-appid-574270,https://store.steampowered.com/app/574270/Lost_Grimoires_2_Shard_of_Mystery/,]
558340,Faces of Illusion: The Twin Phantoms,38.99,-70%,,,,,,,,,,,,,,https://www.steamcardexchange.net/index.php?gamepage-appid-558340,https://store.steampowered.com/app/558340/Faces_of_Illusion_The_Twin_Phantoms/,]
484930,Beekyr Reloaded,38.99,-70%,,,,,,,,,,,,,,https://www.steamcardexchange.net/index.php?gamepage-appid-484930,https://store.steampowered.com/app/484930/Beekyr_Reloaded/,]
427950,The Withering,38.99,-70%,,,,,,,,,,,,,,https://www.steamcardexchange.net/index.php?gamepage-appid-427950,https://store.steampowered.com/app/427950/The_Withering/,]
576960,üß† OUT OF THE BOX,39.59,-78%,,,,,,,,,,,,,,https://www.steamcardexchange.net/index.php?gamepage-appid-576960,https://store.steampowered.com/app/576960/_OUT_OF_THE_BOX/,]
541720,Redrum: Dead Diary,39.89,-58%,,,,,,,,,,,,,,https://www.steamcardexchange.net/index.php?gamepage-appid-541720,https://store.steampowered.com/app/541720/Redrum_Dead_Diary/,]
554620,Life is Strange: Before the Storm,39.99,-80%,,,,,,,,,,,,,,https://www.steamcardexchange.net/index.php?gamepage-appid-554620,https://store.steampowered.com/app/554620/Life_is_Strange_Before_the_Storm/,]
929010,Swag and Sorcery,39.99,-75%,,,,,,,,,,,,,,https://www.steamcardexchange.net/index.php?gamepage-appid-929010,https://store.steampowered.com/app/929010/Swag_and_Sorcery/,]
400180,Okhlos: Omega,39.99,-75%,,,,,,,,,,,,,,https://www.steamcardexchange.net/index.php?gamepage-appid-400180,https://store.steampowered.com/app/400180/Okhlos_Omega/,]
296830,Lucius II,41.99,-85%,,,,,,,,,,,,,,https://www.steamcardexchange.net/index.php?gamepage-appid-296830,https://store.steampowered.com/app/296830/Lucius_II/,]
464340,Syberia 3,43.99,-90%,,,,,,,,,,,,,,https://www.steamcardexchange.net/index.php?gamepage-appid-464340,https://store.steampowered.com/app/464340/Syberia_3/,]
319630,Life is Strange - Episode 1,Without offer/error,-80%,,,,,,,Cannot be calculated,-,,,,,,https://www.steamcardexchange.net/index.php?gamepage-appid-319630,https://store.steampowered.com/app/319630/Life_is_Strange__Episode_1/,]
409890,Stranger of Sword City,44.99,-80%,,,,,,,,,,,,,,https://www.steamcardexchange.net/index.php?gamepage-appid-409890,https://store.steampowered.com/app/409890/Stranger_of_Sword_City/,]
25800,Europa Universalis III Complete,44.99,-75%,,,,,,,,,,,,,,https://www.steamcardexchange.net/index.php?gamepage-appid-25800,https://store.steampowered.com/app/25800/Europa_Universalis_III_Complete/,]
610380,Ratty Catty,44.99,-75%,,,,,,,,,,,,,,https://www.steamcardexchange.net/index.php?gamepage-appid-610380,https://store.steampowered.com/app/610380/Ratty_Catty/,]
305940,Project AURA,44.99,-75%,,,,,,,,,,,,,,https://www.steamcardexchange.net/index.php?gamepage-appid-305940,https://store.steampowered.com/app/305940/Project_AURA/,]
402310,Overfall,44.99,-75%,,,,,,,,,,,,,,https://www.steamcardexchange.net/index.php?gamepage-appid-402310,https://store.steampowered.com/app/402310/Overfall/,]
209330,A Valley Without Wind,44.99,-75%,,,,,,,,,,,,,,https://www.steamcardexchange.net/index.php?gamepage-appid-209330,https://store.steampowered.com/app/209330/A_Valley_Without_Wind/,]
610120,Little Kite,47.49,-50%,,,,,,,,,,,,,,https://www.steamcardexchange.net/index.php?gamepage-appid-610120,https://store.steampowered.com/app/610120/Little_Kite/,]
443680,Revenge of Roger Rouge,47.59,-30%,,,,,,,,,,,,,,https://www.steamcardexchange.net/index.php?gamepage-appid-443680,https://store.steampowered.com/app/443680/Revenge_of_Roger_Rouge/,]
239160,Thief,49.49,-85%,,,,,,,,,,,,,,https://www.steamcardexchange.net/index.php?gamepage-appid-239160,https://store.steampowered.com/app/239160/Thief/,]
561600,MXGP3 - The Official Motocross Videogame,49.49,-85%,,,,,,,,,,,,,,https://www.steamcardexchange.net/index.php?gamepage-appid-561600,https://store.steampowered.com/app/561600/MXGP3__The_Official_Motocross_Videogame/,]
730410,Music Band Manager,50.39,-52%,,,,,,,,,,,,,,https://www.steamcardexchange.net/index.php?gamepage-appid-730410,https://store.steampowered.com/app/730410/Music_Band_Manager/,]
804730,Third Front: WWII,51.44,-51%,,,,,,,,,,,,,,https://www.steamcardexchange.net/index.php?gamepage-appid-804730,https://store.steampowered.com/app/804730/Third_Front_WWII/,]
555640,Japanese School Life,51.99,-60%,,,,,,,,,,,,,,https://www.steamcardexchange.net/index.php?gamepage-appid-555640,https://store.steampowered.com/app/555640/Japanese_School_Life/,]
369290,Airport Madness: World Edition,51.99,-60%,,,,,,,,,,,,,,https://www.steamcardexchange.net/index.php?gamepage-appid-369290,https://store.steampowered.com/app/369290/Airport_Madness_World_Edition/,]
532190,Super Blood Hockey,53.99,-70%,,,,,,,,,,,,,,https://www.steamcardexchange.net/index.php?gamepage-appid-532190,https://store.steampowered.com/app/532190/Super_Blood_Hockey/,]
616620,Forest Fortress,53.99,-70%,,,,,,,,,,,,,,https://www.steamcardexchange.net/index.php?gamepage-appid-616620,https://store.steampowered.com/app/616620/Forest_Fortress/,]
433400,Kim,53.99,-70%,,,,,,,,,,,,,,https://www.steamcardexchange.net/index.php?gamepage-appid-433400,https://store.steampowered.com/app/433400/Kim/,]
1290170,Titan Chaser,54.39,-20%,,,,,,,,,,,,,,https://www.steamcardexchange.net/index.php?gamepage-appid-1290170,https://store.steampowered.com/app/1290170/Titan_Chaser/,]
314000,Pool Nation FX Lite,Without offer/error,-65%,,,,,,,Cannot be calculated,-,,,,,,https://www.steamcardexchange.net/index.php?gamepage-appid-314000,https://store.steampowered.com/app/314000/Pool_Nation_FX_Lite/,]
254440,Pool Nation,55.99,-65%,,,,,,,,,,,,,,https://www.steamcardexchange.net/index.php?gamepage-appid-254440,https://store.steampowered.com/app/254440/Pool_Nation/,]
273070,The Last Federation,56.24,-75%,,,,,,,,,,,,,,https://www.steamcardexchange.net/index.php?gamepage-appid-273070,https://store.steampowered.com/app/273070/The_Last_Federation/,]
606030,Meganoid,57.49,-50%,,,,,,,,,,,,,,https://www.steamcardexchange.net/index.php?gamepage-appid-606030,https://store.steampowered.com/app/606030/Meganoid/,]
522610,Lord of the Seal,57.74,-45%,,,,,,,,,,,,,,https://www.steamcardexchange.net/index.php?gamepage-appid-522610,https://store.steampowered.com/app/522610/Lord_of_the_Seal/,]
427570,Dawn of Andromeda,59.39,-82%,,,,,,,,,,,,,,https://www.steamcardexchange.net/index.php?gamepage-appid-427570,https://store.steampowered.com/app/427570/Dawn_of_Andromeda/,]
511490,Malavision: The Beginning,60.0,-80%,,,,,,,,,,,,,,https://www.steamcardexchange.net/index.php?gamepage-appid-511490,https://store.steampowered.com/app/511490/Malavision_The_Beginning/,]
487430,KARAKARA,64.99,-50%,,,,,,,,,,,,,,https://www.steamcardexchange.net/index.php?gamepage-appid-487430,https://store.steampowered.com/app/487430/KARAKARA/,]
745850,KARAKARA2,64.99,-50%,,,,,,,,,,,,,,https://www.steamcardexchange.net/index.php?gamepage-appid-745850,https://store.steampowered.com/app/745850/KARAKARA2/,]
490390,Á•ûÊòéÁöÑ‰∏ÄÂ§©‰∏ñÁïå(God's One Day World),64.99,-50%,,,,,,,,,,,,,,https://www.steamcardexchange.net/index.php?gamepage-appid-490390,https://store.steampowered.com/app/490390/Gods_One_Day_World/,]
244450,Men of War: Assault Squad 2,65.99,-80%,,,,,,,,,,,,,,https://www.steamcardexchange.net/index.php?gamepage-appid-244450,https://store.steampowered.com/app/244450/Men_of_War_Assault_Squad_2/,]
234270,Ken Follett's The Pillars of the Earth,65.99,-80%,,,,,,,,,,,,,,https://www.steamcardexchange.net/index.php?gamepage-appid-234270,https://store.steampowered.com/app/234270/Ken_Folletts_The_Pillars_of_the_Earth/,]
357310,Oriental Empires,65.99,-80%,,,,,,,,,,,,,,https://www.steamcardexchange.net/index.php?gamepage-appid-357310,https://store.steampowered.com/app/357310/Oriental_Empires/,]
775900,MotoGP‚Ñ¢18,65.99,-80%,,,,,,,,,,,,,,https://www.steamcardexchange.net/index.php?gamepage-appid-775900,https://store.steampowered.com/app/775900/MotoGP18/,]
761030,EARTHLOCK,65.99,-80%,,,,,,,,,,,,,,https://www.steamcardexchange.net/index.php?gamepage-appid-761030,https://store.steampowered.com/app/761030/EARTHLOCK/,]
724970,Á•ûËàûÂπªÊÉ≥ Faith of Danschant,65.99,-80%,,,,,,,,,,,,,,https://www.steamcardexchange.net/index.php?gamepage-appid-724970,https://store.steampowered.com/app/724970/_Faith_of_Danschant/,]
1144440,UnderParty,66.49,-30%,,,,,,,,,,,,,,https://www.steamcardexchange.net/index.php?gamepage-appid-1144440,https://store.steampowered.com/app/1144440/UnderParty/,]
615690,Inferno,66.49,-30%,,,,,,,,,,,,,,https://www.steamcardexchange.net/index.php?gamepage-appid-615690,https://store.steampowered.com/app/615690/Inferno/,]
499660,Medieval Kingdom Wars,67.49,-70%,,,,,,,,,,,,,,https://www.steamcardexchange.net/index.php?gamepage-appid-499660,https://store.steampowered.com/app/499660/Medieval_Kingdom_Wars/,]
400580,Black Closet,67.49,-70%,,,,,,,,,,,,,,https://www.steamcardexchange.net/index.php?gamepage-appid-400580,https://store.steampowered.com/app/400580/Black_Closet/,]
621020,Antigraviator,67.49,-70%,,,,,,,,,,,,,,https://www.steamcardexchange.net/index.php?gamepage-appid-621020,https://store.steampowered.com/app/621020/Antigraviator/,]
449960,Book of Demons,69.99,-75%,,,,,,,,,,,,,,https://www.steamcardexchange.net/index.php?gamepage-appid-449960,https://store.steampowered.com/app/449960/Book_of_Demons/,]
621220,Nantucket,71.39,-66%,,,,,,,,,,,,,,https://www.steamcardexchange.net/index.php?gamepage-appid-621220,https://store.steampowered.com/app/621220/Nantucket/,]
477160,Human: Fall Flat,71.99,-60%,,,,,,,,,,,,,,https://www.steamcardexchange.net/index.php?gamepage-appid-477160,https://store.steampowered.com/app/477160/Human_Fall_Flat/,]
358130,Curious Expedition,71.99,-60%,,,,,,,,,,,,,,https://www.steamcardexchange.net/index.php?gamepage-appid-358130,https://store.steampowered.com/app/358130/Curious_Expedition/,]
871530,Radio Commander,71.99,-68%,,,,,,,,,,,,,,https://www.steamcardexchange.net/index.php?gamepage-appid-871530,https://store.steampowered.com/app/871530/Radio_Commander/,]
1076920,Generals & Rulers,71.99,-52%,,,,,,,,,,,,,,https://www.steamcardexchange.net/index.php?gamepage-appid-1076920,https://store.steampowered.com/app/1076920/Generals__Rulers/,]
896160,Evil Bank Manager,73.49,-51%,,,,,,,,,,,,,,https://www.steamcardexchange.net/index.php?gamepage-appid-896160,https://store.steampowered.com/app/896160/Evil_Bank_Manager/,]
1015090,Last Day of Rome,73.49,-51%,,,,,,,,,,,,,,https://www.steamcardexchange.net/index.php?gamepage-appid-1015090,https://store.steampowered.com/app/1015090/Last_Day_of_Rome/,]
813630,Supraland,74.0,-60%,,,,,,,,,,,,,,https://www.steamcardexchange.net/index.php?gamepage-appid-813630,https://store.steampowered.com/app/813630/Supraland/,]
588110,One Dog Story,74.99,-50%,,,,,,,,,,,,,,https://www.steamcardexchange.net/index.php?gamepage-appid-588110,https://store.steampowered.com/app/588110/One_Dog_Story/,]
488730,God's Trigger,78.74,-65%,,,,,,,,,,,,,,https://www.steamcardexchange.net/index.php?gamepage-appid-488730,https://store.steampowered.com/app/488730/Gods_Trigger/,]
589860,SoulSet,79.99,-60%,,,,,,,,,,,,,,https://www.steamcardexchange.net/index.php?gamepage-appid-589860,https://store.steampowered.com/app/589860/SoulSet/,]
613190,Unworthy,80.99,-55%,,,,,,,,,,,,,,https://www.steamcardexchange.net/index.php?gamepage-appid-613190,https://store.steampowered.com/app/613190/Unworthy/,]
432210,The Revenant Prince,84.49,-35%,,,,,,,,,,,,,,https://www.steamcardexchange.net/index.php?gamepage-appid-432210,https://store.steampowered.com/app/432210/The_Revenant_Prince/,]
384300,CPUCores :: Maximize Your FPS,88.19,-51%,,,,,,,,,,,,,,https://www.steamcardexchange.net/index.php?gamepage-appid-384300,https://store.steampowered.com/app/384300/CPUCores__Maximize_Your_FPS/,]
527230,For The King,89.99,-60%,,,,,,,,,,,,,,https://www.steamcardexchange.net/index.php?gamepage-appid-527230,https://store.steampowered.com/app/527230/For_The_King/,]
328080,Rise to Ruins,89.99,-50%,,,,,,,,,,,,,,https://www.steamcardexchange.net/index.php?gamepage-appid-328080,https://store.steampowered.com/app/328080/Rise_to_Ruins/,]
366870,Narcosis,89.99,-50%,,,,,,,,,,,,,,https://www.steamcardexchange.net/index.php?gamepage-appid-366870,https://store.steampowered.com/app/366870/Narcosis/,]
846110,The friends of Ringo Ishikawa,89.99,-50%,,,,,,,,,,,,,,https://www.steamcardexchange.net/index.php?gamepage-appid-846110,https://store.steampowered.com/app/846110/The_friends_of_Ringo_Ishikawa/,]
1063490,Still There,89.99,-50%,,,,,,,,,,,,,,https://www.steamcardexchange.net/index.php?gamepage-appid-1063490,https://store.steampowered.com/app/1063490/Still_There/,]
497850,8-Bit Hordes,89.99,-50%,,,,,,,,,,,,,,https://www.steamcardexchange.net/index.php?gamepage-appid-497850,https://store.steampowered.com/app/497850/8Bit_Hordes/,]
632170,Spartan Fist,89.99,-50%,,,,,,,,,,,,,,https://www.steamcardexchange.net/index.php?gamepage-appid-632170,https://store.steampowered.com/app/632170/Spartan_Fist/,]
365350,How to Take Off Your Mask,89.99,-40%,,,,,,,,,,,,,,https://www.steamcardexchange.net/index.php?gamepage-appid-365350,https://store.steampowered.com/app/365350/How_to_Take_Off_Your_Mask/,]
253390,Hot Tin Roof: The Cat That Wore A Fedora,89.99,-50%,,,,,,,,,,,,,,https://www.steamcardexchange.net/index.php?gamepage-appid-253390,https://store.steampowered.com/app/253390/Hot_Tin_Roof_The_Cat_That_Wore_A_Fedora/,]
557850,Magnificent Ships: Volume 1,90.99,-30%,,,,,,,,,,,,,,https://www.steamcardexchange.net/index.php?gamepage-appid-557850,https://store.steampowered.com/app/557850/Magnificent_Ships_Volume_1/,]
576030,MHRD,97.49,-25%,,,,,,,,,,,,,,https://www.steamcardexchange.net/index.php?gamepage-appid-576030,https://store.steampowered.com/app/576030/MHRD/,]
1042170,Summon of Asmodeus,97.49,-25%,,,,,,,,,,,,,,https://www.steamcardexchange.net/index.php?gamepage-appid-1042170,https://store.steampowered.com/app/1042170/Summon_of_Asmodeus/,]
578900,Demonheart,99.99,-50%,,,,,,,,,,,,,,https://www.steamcardexchange.net/index.php?gamepage-appid-578900,https://store.steampowered.com/app/578900/Demonheart/,]
952420,Shan Gui II: Sweet Osmanthus II,99.99,-50%,,,,,,,,,,,,,,https://www.steamcardexchange.net/index.php?gamepage-appid-952420,https://store.steampowered.com/app/952420/Shan_Gui_II_Sweet_Osmanthus_II/,]
738610,Train Station Simulator,99.99,-50%,,,,,,,,,,,,,,https://www.steamcardexchange.net/index.php?gamepage-appid-738610,https://store.steampowered.com/app/738610/Train_Station_Simulator/,]
851280,MindSeize,101.24,-55%,,,,,,,,,,,,,,https://www.steamcardexchange.net/index.php?gamepage-appid-851280,https://store.steampowered.com/app/851280/MindSeize/,]
291050,Planet Stronghold,107.49,-50%,,,,,,,,,,,,,,https://www.steamcardexchange.net/index.php?gamepage-appid-291050,https://store.steampowered.com/app/291050/Planet_Stronghold/,]
1104660,MO:Astray,107.99,-40%,,,,,,,,,,,,,,https://www.steamcardexchange.net/index.php?gamepage-appid-1104660,https://store.steampowered.com/app/1104660/MOAstray/,]
975120,~necromancy~Emily's Escape,107.99,-40%,,,,,,,,,,,,,,https://www.steamcardexchange.net/index.php?gamepage-appid-975120,https://store.steampowered.com/app/975120/necromancyEmilys_Escape/,]
394360,Hearts of Iron IV,109.99,-75%,,,,,,,,,,,,,,https://www.steamcardexchange.net/index.php?gamepage-appid-394360,https://store.steampowered.com/app/394360/Hearts_of_Iron_IV/,]
573410,AI War 2,112.49,-50%,,,,,,,,,,,,,,https://www.steamcardexchange.net/index.php?gamepage-appid-573410,https://store.steampowered.com/app/573410/AI_War_2/,]
1100110,Nibiru,112.49,-25%,,,,,,,,,,,,,,https://www.steamcardexchange.net/index.php?gamepage-appid-1100110,https://store.steampowered.com/app/1100110/Nibiru/,]
317320,Nelly Cootalot: The Fowl Fleet,112.49,-50%,,,,,,,,,,,,,,https://www.steamcardexchange.net/index.php?gamepage-appid-317320,https://store.steampowered.com/app/317320/Nelly_Cootalot_The_Fowl_Fleet/,]
293920,Spirited Heart Deluxe,112.49,-50%,,,,,,,,,,,,,,https://www.steamcardexchange.net/index.php?gamepage-appid-293920,https://store.steampowered.com/app/293920/Spirited_Heart_Deluxe/,]
1146970,My Vow to My Liege,116.99,-10%,,,,,,,,,,,,,,https://www.steamcardexchange.net/index.php?gamepage-appid-1146970,https://store.steampowered.com/app/1146970/My_Vow_to_My_Liege/,]
913060,Jet Lancer,118.79,-34%,,,,,,,,,,,,,,https://www.steamcardexchange.net/index.php?gamepage-appid-913060,https://store.steampowered.com/app/913060/Jet_Lancer/,]
622420,Stay Alive: Apocalypse,118.79,-34%,,,,,,,,,,,,,,https://www.steamcardexchange.net/index.php?gamepage-appid-622420,https://store.steampowered.com/app/622420/Stay_Alive_Apocalypse/,]
504920,39 Days to Mars,120.59,-33%,,,,,,,,,,,,,,https://www.steamcardexchange.net/index.php?gamepage-appid-504920,https://store.steampowered.com/app/504920/39_Days_to_Mars/,]
592730,Aerial Destruction,126.0,-64%,,,,,,,,,,,,,,https://www.steamcardexchange.net/index.php?gamepage-appid-592730,https://store.steampowered.com/app/592730/Aerial_Destruction/,]
598060,Slasher's Keep,127.49,-25%,,,,,,,,,,,,,,https://www.steamcardexchange.net/index.php?gamepage-appid-598060,https://store.steampowered.com/app/598060/Slashers_Keep/,]
864680,Rover Mechanic Simulator,127.49,-15%,,,,,,,,,,,,,,https://www.steamcardexchange.net/index.php?gamepage-appid-864680,https://store.steampowered.com/app/864680/Rover_Mechanic_Simulator/,]
445770,Airport Madness 3D,134.99,-40%,,,,,,,,,,,,,,https://www.steamcardexchange.net/index.php?gamepage-appid-445770,https://store.steampowered.com/app/445770/Airport_Madness_3D/,]
220740,Chaos on Deponia,139.99,-90%,,,,,,,,,,,,,,https://www.steamcardexchange.net/index.php?gamepage-appid-220740,https://store.steampowered.com/app/220740/Chaos_on_Deponia/,]
Bundle/NoID,The Daedalic Armageddon Bundle,139.99,-90%,,,,,,,,,,,,,,https://www.steamcardexchange.net/index.php?gamepage-appid-55062,https://store.steampowered.com/sub/55062/,]
Bundle/NoID,Daedalic - Gigantic Bundle,139.99,-90%,,,,,,,,,,,,,,https://www.steamcardexchange.net/index.php?gamepage-appid-76471,https://store.steampowered.com/sub/76471/,]
255320,Edna & Harvey: The Breakout,139.99,-90%,,,,,,,,,,,,,,https://www.steamcardexchange.net/index.php?gamepage-appid-255320,https://store.steampowered.com/app/255320/Edna__Harvey_The_Breakout/,]
327220,Anna's Quest,139.99,-90%,,,,,,,,,,,,,,https://www.steamcardexchange.net/index.php?gamepage-appid-327220,https://store.steampowered.com/app/327220/Annas_Quest/,]
230820,The Night of the Rabbit,139.99,-90%,,,,,,,,,,,,,,https://www.steamcardexchange.net/index.php?gamepage-appid-230820,https://store.steampowered.com/app/230820/The_Night_of_the_Rabbit/,]
382140,SKYHILL,139.99,-90%,,,,,,,,,,,,,,https://www.steamcardexchange.net/index.php?gamepage-appid-382140,https://store.steampowered.com/app/382140/SKYHILL/,]
268540,The Whispered World Special Edition,139.99,-90%,,,,,,,,,,,,,,https://www.steamcardexchange.net/index.php?gamepage-appid-268540,https://store.steampowered.com/app/268540/The_Whispered_World_Special_Edition/,]
241910,Goodbye Deponia,139.99,-90%,,,,,,,,,,,,,,https://www.steamcardexchange.net/index.php?gamepage-appid-241910,https://store.steampowered.com/app/241910/Goodbye_Deponia/,]
314810,Randal's Monday,139.99,-90%,,,,,,,,,,,,,,https://www.steamcardexchange.net/index.php?gamepage-appid-314810,https://store.steampowered.com/app/314810/Randals_Monday/,]
1184840,Chaos Galaxy,143.99,-20%,,,,,,,,,,,,,,https://www.steamcardexchange.net/index.php?gamepage-appid-1184840,https://store.steampowered.com/app/1184840/Chaos_Galaxy/,]
386480,Blood Code,149.99,-50%,,,,,,,,,,,,,,https://www.steamcardexchange.net/index.php?gamepage-appid-386480,https://store.steampowered.com/app/386480/Blood_Code/,]
516600,Bai Qu: Hundreds of Melodies,149.99,-50%,,,,,,,,,,,,,,https://www.steamcardexchange.net/index.php?gamepage-appid-516600,https://store.steampowered.com/app/516600/Bai_Qu_Hundreds_of_Melodies/,]
600520,Cryogear,155.39,-26%,,,,,,,,,,,,,,https://www.steamcardexchange.net/index.php?gamepage-appid-600520,https://store.steampowered.com/app/600520/Cryogear/,]
1097420,No-brainer Heroes ÊåÇÊú∫ÂêßÔºÅÂãáËÄÖ,155.99,-40%,,,,,,,,,,,,,,https://www.steamcardexchange.net/index.php?gamepage-appid-1097420,https://store.steampowered.com/app/1097420/Nobrainer_Heroes/,]
951430,Dead Age 2,157.49,-25%,,,,,,,,,,,,,,https://www.steamcardexchange.net/index.php?gamepage-appid-951430,https://store.steampowered.com/app/951430/Dead_Age_2/,]
979640,Cepheus Protocol,161.99,-10%,,,,,,,,,,,,,,https://www.steamcardexchange.net/index.php?gamepage-appid-979640,https://store.steampowered.com/app/979640/Cepheus_Protocol/,]
604510,Empires in Ruins,169.99,-15%,,,,,,,,,,,,,,https://www.steamcardexchange.net/index.php?gamepage-appid-604510,https://store.steampowered.com/app/604510/Empires_in_Ruins/,]
880220,~Azur Ring~virgin¬†and¬†slave's¬†phylacteries,171.99,-20%,,,,,,,,,,,,,,https://www.steamcardexchange.net/index.php?gamepage-appid-880220,https://store.steampowered.com/app/880220/Azur_Ringvirginandslavesphylacteries/,]
679260,Bus Driver Simulator,179.99,-70%,,,,,,,,,,,,,,https://www.steamcardexchange.net/index.php?gamepage-appid-679260,https://store.steampowered.com/app/679260/Bus_Driver_Simulator/,]
435480,Trials of the Blood Dragon,187.25,-75%,,,,,,,,,,,,,,https://www.steamcardexchange.net/index.php?gamepage-appid-435480,https://store.steampowered.com/app/435480/Trials_of_the_Blood_Dragon/,]
611790,House Party,187.59,-33%,,,,,,,,,,,,,,https://www.steamcardexchange.net/index.php?gamepage-appid-611790,https://store.steampowered.com/app/611790/House_Party/,]
505230,Pathologic 2,194.99,-50%,,,,,,,,,,,,,,https://www.steamcardexchange.net/index.php?gamepage-appid-505230,https://store.steampowered.com/app/505230/Pathologic_2/,]
204880,Sins of a Solar Empire: Rebellion¬Æ,195.99,-60%,,,,,,,,,,,,,,https://www.steamcardexchange.net/index.php?gamepage-appid-204880,https://store.steampowered.com/app/204880/Sins_of_a_Solar_Empire_Rebellion/,]
Bundle/NoID,Sins of a Solar Empire: Rebellion¬Æ Game and Soundtrack Bundle,195.99,-60%,,,,,,,,,,,,,,https://www.steamcardexchange.net/index.php?gamepage-appid-18821,https://store.steampowered.com/sub/18821/,]
991810,Strategic Mind: The Pacific,197.99,-40%,,,,,,,,,,,,,,https://www.steamcardexchange.net/index.php?gamepage-appid-991810,https://store.steampowered.com/app/991810/Strategic_Mind_The_Pacific/,]
641080,Trials¬Æ Rising,199.8,-80%,,,,,,,,,,,,,,https://www.steamcardexchange.net/index.php?gamepage-appid-641080,https://store.steampowered.com/app/641080/Trials_Rising/,]
765810,Mars Horizon,202.49,-10%,,,,,,,,,,,,,,https://www.steamcardexchange.net/index.php?gamepage-appid-765810,https://store.steampowered.com/app/765810/Mars_Horizon/,]
994890,Metro Simulator 2020,209.99,-65%,,,,,,,,,,,,,,https://www.steamcardexchange.net/index.php?gamepage-appid-994890,https://store.steampowered.com/app/994890/Metro_Simulator_2020/,]
487120,Citadel: Forged with Fire,219.99,-50%,,,,,,,,,,,,,,https://www.steamcardexchange.net/index.php?gamepage-appid-487120,https://store.steampowered.com/app/487120/Citadel_Forged_with_Fire/,]
305490,Heileen 3: New Horizons,219.99,-50%,,,,,,,,,,,,,,https://www.steamcardexchange.net/index.php?gamepage-appid-305490,https://store.steampowered.com/app/305490/Heileen_3_New_Horizons/,]
291840,The Feud: Wild West Tactics,230.99,-30%,,,,,,,,,,,,,,https://www.steamcardexchange.net/index.php?gamepage-appid-291840,https://store.steampowered.com/app/291840/The_Feud_Wild_West_Tactics/,]
673210,Frontier Pilot Simulator,236.99,-21%,,,,,,,,,,,,,,https://www.steamcardexchange.net/index.php?gamepage-appid-673210,https://store.steampowered.com/app/673210/Frontier_Pilot_Simulator/,]
666140,My Time At Portia,237.99,-66%,,,,,,,,,,,,,,https://www.steamcardexchange.net/index.php?gamepage-appid-666140,https://store.steampowered.com/app/666140/My_Time_At_Portia/,]
391220,Rise of the Tomb Raider‚Ñ¢,Without offer/error,,,,,,,,Cannot be calculated,-,,,,,,https://www.steamcardexchange.net/index.php?gamepage-appid-391220,https://store.steampowered.com/app/391220/Rise_of_the_Tomb_Raider/,]
337000,Deus Ex: Mankind Divided,Without offer/error,,,,,,,,Cannot be calculated,-,,,,,,https://www.steamcardexchange.net/index.php?gamepage-appid-337000,https://store.steampowered.com/app/337000/Deus_Ex_Mankind_Divided/,]
1183470,Imperiums: Greek Wars,263.99,-20%,,,,,,,,,,,,,,https://www.steamcardexchange.net/index.php?gamepage-appid-1183470,https://store.steampowered.com/app/1183470/Imperiums_Greek_Wars/,]
1016920,Unrailed!,299.25,-25%,,,,,,,,,,,,,,https://www.steamcardexchange.net/index.php?gamepage-appid-1016920,https://store.steampowered.com/app/1016920/Unrailed/,]
